{
    "exp01": {
        "last_epoch": 23,
        "best_val_accuracy": 0.5218283582979174
    },
    "exp02": {
        "last_epoch": 17,
        "best_val_accuracy": 0.5210302653745632
    },
    "exp03": {
        "last_epoch": 10,
        "best_val_accuracy": 0.6158271144278606
    },
    "exp04": {
        "last_epoch": 18,
        "best_val_accuracy": 0.6617330016929712
    },
    "exp05": {
        "last_epoch": 10,
        "best_val_accuracy": 0.6657027364963323
    },
    "exp06": {
        "last_epoch": 20,
        "best_val_accuracy": 0.4415526535380539
    },
    "exp07": {
        "last_epoch": 18,
        "best_val_accuracy": 0.697377694928231
    },
    "exp08": {
        "last_epoch": 11,
        "best_val_accuracy": 0.7569444444938679
    },
    "exp09": {
        "last_epoch": 10,
        "best_val_accuracy": 0.7798714759708637
    },
    "exp10": {
        "last_epoch": 5,
        "best_val_accuracy": 0.1997823383084577
    },
    "exp11": {
        "last_epoch": 10,
        "best_val_accuracy": 0.7958022391618188
    },
    "exp12": {
        "last_epoch": 17,
        "best_val_accuracy": 0.7982587065566239
    }
}